"Freq [GHz]","dB(St(gnd_T1,gnd_T1)) []","dB(St(gnd_T2,gnd_T1)) []"
1,-0.300361210269197,-13.9547554098016
1.005,-0.306368618963035,-13.8550866312215
1.01,-0.312483719994347,-13.7561100799969
1.015,-0.318707486037101,-13.6578217154419
1.02,-0.32504088286094,-13.5602172857999
1.025,-0.331484868828314,-13.4632923410151
1.03,-0.338040394341176,-13.3670422455243
1.035,-0.344708401239184,-13.2714621909886
1.04,-0.351489822151937,-13.1765472088852
1.045,-0.358385579808969,-13.0822921828789
1.05,-0.365396586312134,-12.9886918608945
1.055,-0.372523742376167,-12.8957408668114
1.06,-0.379767936544136,-12.8034337117039
1.065,-0.387130044385971,-12.7117648045536
1.07,-0.394610927689071,-12.6207284623597
1.075,-0.402211433651448,-12.5303189195791
1.08,-0.409932394089132,-12.4405303368281
1.085,-0.41777462467054,-12.3513568087832
1.09,-0.425738924192201,-12.2627923712197
1.095,-0.433826073911073,-12.1748310071334
1.1,-0.442036836950401,-12.087466651892
1.105,-0.450371957796884,-12.0006931973687
1.11,-0.458832161908669,-11.9145044950152
1.115,-0.467418155454471,-11.8288943578355
1.12,-0.476130625205664,-11.7438565612268
1.125,-0.484970238604235,-11.6593848426582
1.13,-0.49393764403054,-11.5754729001667
1.135,-0.503033471296042,-11.4921143896497
1.14,-0.51225833238719,-11.4093029209435
1.145,-0.521612822487394,-11.3270320526807
1.15,-0.531097521305087,-11.2452952859255
1.155,-0.540712994736681,-11.1640860565909
1.16,-0.550459796893667,-11.0833977266493
1.165,-0.560338472524015,-11.0032235741511
1.17,-0.570349559858322,-10.9235567820737
1.175,-0.580493593911558,-10.8443904260283
1.18,-0.590771110271651,-10.7657174608558
1.185,-0.601182649406169,-10.6875307061527
1.19,-0.611728761518467,-10.6098228307663
1.195,-0.622410011984576,-10.5325863363122
1.2,-0.633226987401962,-10.4558135397638
1.205,-0.644180302280961,-10.3794965551743
1.21,-0.65527060640934,-10.3036272745921
1.215,-0.666498592919904,-10.2281973482384
1.22,-0.677865007090632,-10.1531981640156
1.225,-0.68937065590618,-10.0786208264222
1.23,-0.701016418408821,-10.0044561349509
1.235,-0.712803256866596,-9.93069456205142
1.24,-0.724732228785284,-9.85732623073943
1.245,-0.736804499790815,-9.78434089193786
1.25,-0.749021357407699,-9.71172790163632
1.255,-0.761384225758931,-9.63947619795685
1.26,-0.773894681212549,-9.56757427821431
1.265,-0.786554468999874,-9.49601017606021
1.27,-0.799365520830585,-9.42477143879853
1.275,-0.812329973530701,-9.35384510496147
1.28,-0.82545018872954,-9.28321768223181
1.285,-0.83872877362379,-9.2128751257969
1.29,-0.852168602848129,-9.14280281721785
1.295,-0.865772841483909,-9.07298554389389
1.3,-0.879544969240466,-9.00340747920039
1.305,-0.893488805847147,-8.93405216337476
1.31,-0.907608537697927,-8.86490248522141
1.315,-0.921908745795942,-8.79594066470309
1.32,-0.936394435050861,-8.72714823648199
1.325,-0.951071064988913,-8.65850603446935
1.33,-0.965944581943285,-8.58999417743879
1.335,-0.981021452801513,-8.52159205575347
1.34,-0.996308700396746,-8.45327831925335
1.345,-1.01181394064142,-8.38503086634454
1.35,-1.0275454215145,-8.31682683432869
1.355,-1.04351206402823,-8.2486425910068
1.36,-1.05972350531624,-8.18045372758851
1.365,-1.07619014400305,-8.11223505293509
1.37,-1.09292318803439,-8.0439605891625
1.375,-1.10993470516993,-7.97560356862913
1.38,-1.12723767636462,-7.90713643233247
1.385,-1.14484605229051,-7.83853082973972
1.39,-1.16277481328111,-7.76975762007832
1.395,-1.18104003301243,-7.70078687511623
1.4,-1.1996589462703,-7.63158788346556
1.405,-1.21865002119278,-7.56212915644966
1.41,-1.23803303641945,-7.4923784355818
1.415,-1.25782916362729,-7.42230270171399
1.42,-1.27806105598473,-7.35186818592672
1.425,-1.2987529431139,-7.28104038224629
1.43,-1.31993073321466,-7.2097840622946
1.435,-1.34162212307556,-7.13806329199829
1.44,-1.36385671677543,-7.06584145051005
1.445,-1.38666615396677,-6.99308125152512
1.45,-1.41008424873036,-6.91974476721168
1.455,-1.43414714009954,-6.84579345501498
1.46,-1.45889345547447,-6.771188187643
1.465,-1.48436448828519,-6.6958892865969
1.47,-1.51060439141522,-6.61985655967448
1.475,-1.53766038807343,-6.54304934294889
1.48,-1.56558300199923,-6.46542654781211
1.485,-1.59442630910908,-6.38694671377265
1.49,-1.62424821295047,-6.30756806781395
1.495,-1.65511074661943,-6.22724859125526
1.5,-1.68708040413477,-6.14594609521415
1.505,-1.72022850464773,-6.06361830595357
1.51,-1.75463159331259,-5.98022296160921
1.515,-1.79037188316378,-5.89571792204237
1.52,-1.82753774294865,-5.81006129385238
1.525,-1.86622423657666,-5.72321157291998
1.53,-1.90653372067837,-5.63512780724471
1.535,-1.9485765077566,-5.54576978329275
1.54,-1.99247160358352,-5.45509823959488
1.545,-2.03834752889623,-5.36307511193497
1.55,-2.08634323711728,-5.26966381515118
1.555,-2.13660914183971,-5.17482956733935
1.56,-2.18930827023934,-5.07853976309524
1.565,-2.2446175615065,-4.98076440334643
1.57,-2.30272933292953,-4.88147659027919
1.575,-2.3638529405412,-4.78065309680752
1.58,-2.4282166664084,-4.67827502088218
1.585,-2.4960698708606,-4.5743285355717
1.59,-2.56768545539804,-4.46880574608212
1.595,-2.64336269086389,-4.36170566446537
1.6,-2.72343047586293,-4.25303531135644
1.605,-2.80825110247378,-4.14281095124151
1.61,-2.89822462003917,-4.03105946297162
1.615,-2.99379390312799,-3.91781983991726
1.62,-3.09545054632927,-3.80314480374765
1.625,-3.20374172585774,-3.68710250190598
1.63,-3.31927818532318,-3.56977824141003
1.635,-3.4427435197025,-3.45127619130311
1.64,-3.57490494712998,-3.33172096467888
1.645,-3.71662577315779,-3.21125897199738
1.65,-3.86887976932789,-3.09005942549496
1.655,-4.03276771372615,-2.9683148766667
1.66,-4.20953638804812,-2.84624119261954
1.665,-4.40060041413845,-2.72407692863157
1.67,-4.60756747319389,-2.60208213406611
1.675,-4.8322677221406,-2.48053672596375
1.68,-5.07678864731971,-2.35973864914224
1.685,-5.34351720903774,-2.2400020558607
1.69,-5.635191925904,-2.12165558801774
1.695,-5.95496841873991,-2.00504039002576
1.7,-6.30650254861049,-1.89050652085951
1.705,-6.69405484916445,-1.77840470117314
1.71,-7.12261686766963,-1.66906755758929
1.715,-7.59805184635086,-1.56277090884296
1.72,-8.12722820913836,-1.45966376172927
1.725,-8.71811909338032,-1.35966624203757
1.73,-9.37991550653774,-1.26238619429322
1.735,-10.1235327947332,-1.16723110964941
1.74,-10.9635708382448,-1.07399638838262
1.745,-11.9229425309733,-0.983852633467232
1.75,-13.0393930006778,-0.899699175858269
1.755,-14.3717152831779,-0.824987185330687
1.76,-16.0089105264435,-0.762149369998892
1.765,-18.0942878675849,-0.712228530344725
1.77,-20.8847585032777,-0.675463872533103
1.775,-24.8543087418917,-0.651878188645056
1.78,-29.7646933092721,-0.641532549933043
1.785,-27.7905738538053,-0.644558623402313
1.79,-22.8545733792444,-0.661112109195749
1.795,-19.3394225064112,-0.691317521711213
1.8,-16.7751548838878,-0.73522588535379
1.805,-14.7881886602284,-0.792787911251428
1.81,-13.1811843804889,-0.863840126106548
1.815,-11.8426257215912,-0.948100922609807
1.82,-10.7042061648365,-1.04517403447194
1.825,-9.7211949695768,-1.15455747949775
1.83,-8.8626802033315,-1.27565638289998
1.835,-8.10634251722702,-1.40779833302175
1.84,-7.4354720313492,-1.55025010102565
1.845,-6.83717363518742,-1.70223472105119
1.85,-6.30123905735583,-1.86294809861856
1.855,-5.81941141941786,-2.03157449544998
1.86,-5.38489030038108,-2.20730042132064
1.865,-4.99198926662183,-2.38932663745463
1.87,-4.63589288507042,-2.5768781314009
1.875,-4.31248029104604,-2.76921205316389
1.88,-4.01819427559401,-2.96562370311185
1.885,-3.74994213597973,-3.16545073367828
1.89,-3.50501910946108,-3.36807577151605
1.895,-3.28104815496165,-3.57292768859097
1.9,-3.07593177931265,-3.77948175450084
1.905,-2.88781289384306,-3.98725889289063
1.91,-2.71504255971744,-4.19582424660602
1.915,-2.55615307866123,-4.40478523287603
1.92,-2.4098353006082,-4.61378924424551
1.925,-2.27491931072072,-4.82252112532013
1.93,-2.15035786445084,-5.03070053108431
1.935,-2.03521208714036,-5.23807925049302
1.94,-1.92863906190769,-5.44443855967383
1.945,-1.82988100838266,-5.64958665254282
1.95,-1.73825581357373,-5.85335618286716
1.955,-1.65314872055618,-6.05560194058814
1.96,-1.57400501476467,-6.2561986762768
1.965,-1.50032357426627,-6.45503908062066
1.97,-1.43165117145476,-6.65203192053258
1.975,-1.36757743054307,-6.84710032953846
1.98,-1.30773035903774,-7.04018024728613
1.985,-1.25177238277762,-7.23121900109172
1.99,-1.19939682363528,-7.42017402121379
1.995,-1.15032476700023,-7.60701168085458
2,-1.10430227297893,-7.79170625160405
2.005,-1.06109789107809,-7.97423896505515
2.01,-1.02050044315508,-8.15459717154627
2.015,-0.982317043755031,-8.33277358736204
2.02,-0.946371330716109,-8.50876562219322
2.025,-0.912501882196374,-8.68257477918426
2.03,-0.880560799129965,-8.85420612045113
2.035,-0.850412434613932,-9.02366779151242
2.04,-0.8219322539094,-9.19097059862816
2.045,-0.795005810653719,-9.35612763357111
2.05,-0.769527826557789,-9.5191539408594
2.055,-0.745401363336687,-9.68006622295244
2.06,-0.722537076916558,-9.83888257935053
2.065,-0.700852545100433,-9.99562227594428
2.07,-0.680271660877927,-10.1503055413311
2.075,-0.660724084447764,-10.3029533871545
2.08,-0.642144747800332,-10.4535874498292
2.085,-0.624473406394799,-10.6022298512945
2.09,-0.607654233071267,-10.7489030766881
2.095,-0.591635449874245,-10.8936298670584
2.1,-0.576368993937144,-11.0364331254385
2.105,-0.561810213996044,-11.1773358347843
2.11,-0.547917594471686,-11.3163609864431
2.115,-0.534652504387101,-11.4535315179669
2.12,-0.521978968679112,-11.5888702592099
2.125,-0.509863459720186,-11.7223998857711
2.13,-0.498274707096395,-11.8541428789433
2.135,-0.48718352389086,-11.9841214914229
2.14,-0.476562647902948,-12.112357718117
2.145,-0.466386596395091,-12.2388732714588
2.15,-0.456631533101961,-12.3636895607052
2.155,-0.44727514636527,-12.4868276747513
2.16,-0.43829653737109,-12.6083083680458
2.165,-0.42967611756882,-12.7281520492384
2.17,-0.421395514441616,-12.8463787722324
2.175,-0.4134374848797,-12.9630082293485
2.18,-0.405785835480801,-13.0780597463431
2.185,-0.398425349167074,-13.1915522790499
2.19,-0.391341717566467,-13.3035044114383
2.195,-0.38452147865891,-13.4139343549108
2.2,-0.37795195923483,-13.5228599486735
2.205,-0.371621221755854,-13.6302986610395
2.21,-0.36551801524558,-13.7362675915372
2.215,-0.359631729872596,-13.8407834737094
2.22,-0.35395235491888,-13.9438626785048
2.225,-0.348470439854399,-14.0455212181726
2.23,-0.343177058263878,-14.1457747505812
2.235,-0.338063774394605,-14.2446385838921
2.24,-0.333122612114122,-14.3421276815272
2.245,-0.328346026085895,-14.4382566673757
2.25,-0.323726874987061,-14.5330398311912
2.255,-0.319258396608197,-14.6264911341393
2.26,-0.314934184688366,-14.7186242144558
2.265,-0.310748167351481,-14.8094523931848
2.27,-0.306694587021217,-14.8989886799667
2.275,-0.30276798170196,-14.9872457788521
2.28,-0.298963167522905,-15.0742360941187
2.285,-0.295275222450556,-15.1599717360732
2.29,-0.291699471083049,-15.2444645268198
2.295,-0.288231470446348,-15.3277260059835
2.3,-0.284866996719251,-15.4097674363735
2.305,-0.281602032819731,-15.4905998095772
2.31,-0.278432756790549,-15.5702338514758
2.315,-0.275355530927047,-15.6486800276736
2.32,-0.272366891594554,-15.7259485488344
2.325,-0.269463539686719,-15.8020493759202
2.33,-0.266642331680201,-15.8769922253269
2.335,-0.263900271244105,-15.9507865739148
2.34,-0.261234501366236,-16.0234416639299
2.345,-0.258642296960799,-16.0949665078144
2.35,-0.256121057924711,-16.1653698929047
2.355,-0.253668302612656,-16.2346603860162
2.36,-0.251281661702665,-16.3028463379138
2.365,-0.248958872426362,-16.3699358876681
2.37,-0.246697773140008,-16.4359369668979
2.375,-0.244496298213836,-16.5008573038981
2.38,-0.242352473219275,-16.564704427655
2.385,-0.240264410394669,-16.6274856717496
2.39,-0.238230304371811,-16.689208178149
2.395,-0.236248428146698,-16.7498789008882
2.4,-0.234317129279069,-16.8095046096435
2.405,-0.232434826306528,-16.8680918931978
2.41,-0.230600005359794,-16.9256471628009
2.415,-0.228811216966759,-16.9821766554253
2.42,-0.227067073033781,-17.0376864369195
2.425,-0.225366243993458,-17.0921824050603
2.43,-0.223707456108764,-17.1456702925062
2.435,-0.2220894889243,-17.1981556696526
2.44,-0.220511172855879,-17.2496439473921
2.445,-0.218971386910196,-17.3001403797801
2.45,-0.21746905652717,-17.3496500666078
2.455,-0.216003151537579,-17.398177955885
2.46,-0.214572684229601,-17.4457288462334
2.465,-0.213176707517835,-17.4923073891924
2.47,-0.21181431320911,-17.5379180914387
2.475,-0.210484630359569,-17.5825653169221
2.48,-0.209186823718026,-17.6262532889178
2.485,-0.20792009225068,-17.6689860919973
2.49,-0.206683667742902,-17.7107676739192
2.495,-0.205476813473769,-17.7516018474414
2.5,-0.20429882295948,-17.791492292056
2.505,-0.203149018762014,-17.8304425556471
2.51,-0.202026751359516,-17.8684560560745
2.515,-0.200931398075294,-17.9055360826833
2.52,-0.199862362062227,-17.9416857977401
2.525,-0.19881907133992,-17.9769082377979
2.53,-0.197800977881943,-18.0112063149903
2.535,-0.196807556750421,-18.0445828182548
2.54,-0.195838305275955,-18.077040414488
2.545,-0.194892742280451,-18.1085816496318
2.55,-0.19397040734093,-18.1392089496919
2.555,-0.193070860092271,-18.1689246216898
2.56,-0.192193679567213,-18.1977308545474
2.565,-0.191338463571784,-18.225629719907
2.57,-0.190504828094672,-18.2526231728842
2.575,-0.189692406749004,-18.2787130527573
2.58,-0.18890085024511,-18.3039010835907
2.585,-0.1881298258931,-18.3281888747944
2.59,-0.187379017133833,-18.3515779216193
2.595,-0.186648123097333,-18.3740696055876
2.6,-0.185936858187475,-18.3956651948597
2.605,-0.18524495169201,-18.4163658445369
2.61,-0.18457214741702,-18.436172596899
2.615,-0.183918203344864,-18.4550863815789
2.62,-0.183282891314981,-18.4731080156714
2.625,-0.182665996726668,-18.4902382037771
2.63,-0.182067318263284,-18.5064775379817
2.635,-0.181486667637178,-18.5218264977685
2.64,-0.180923869354873,-18.5362854498655
2.645,-0.180378760501893,-18.5498546480245
2.65,-0.179851190546928,-18.5625342327334
2.655,-0.17934102116472,-18.574324230859
2.66,-0.178848126077557,-18.5852245552214
2.665,-0.178372390914819,-18.595235004097
2.67,-0.177913713090563,-18.6043552606507
2.675,-0.177472001698677,-18.612584892295
2.68,-0.177047177425614,-18.6199233499752
2.685,-0.176639172480486,-18.6263699673793
2.69,-0.176247930542473,-18.6319239600705
2.695,-0.175873406725439,-18.6365844245417
2.7,-0.175515567559884,-18.6403503371893
2.705,-0.175174390992128,-18.6432205532046
2.71,-0.174849866400921,-18.6451938053813
2.715,-0.174541994631595,-18.6462687028361
2.72,-0.174250788047943,-18.6464437296403
2.725,-0.173976270602029,-18.6457172433608
2.73,-0.173718477922287,-18.6440874735058
2.735,-0.173477457420144,-18.6415525198747
2.74,-0.173253268415677,-18.638110350807
2.745,-0.173045982282599,-18.6337588013288
2.75,-0.172855682613249,-18.6284955711915
2.755,-0.172682465404005,-18.6223182228004
2.76,-0.172526439261782,-18.6152241790291
2.765,-0.172387725632399,-18.6072107209137
2.77,-0.172266459051431,-18.5982749852251
2.775,-0.172162787418456,-18.5884139619121
2.78,-0.172076872295673,-18.5776244914102
2.785,-0.172008889231743,-18.5659032618132
2.79,-0.171959028112126,-18.5532468058972
2.795,-0.171927493536858,-18.5396514979947
2.8,-0.171914505227324,-18.5251135507093
2.805,-0.171920298463239,-18.5096290114651
2.81,-0.17194512455135,-18.4931937588811
2.815,-0.171989251327618,-18.4758034989646
2.82,-0.172052963694543,-18.4574537611118
2.825,-0.17213656419561,-18.4381398939079
2.83,-0.172240373628892,-18.4178570607139
2.835,-0.172364731702088,-18.3966002350313
2.84,-0.172509997731441,-18.3743641956289
2.845,-0.172676551387198,-18.351143521422
2.85,-0.172864793488346,-18.3269325860861
2.855,-0.173075146849885,-18.3017255523917
2.86,-0.173308057185987,-18.2755163662419
2.865,-0.173563994072478,-18.2482987503945
2.87,-0.173843451972914,-18.2200661978484
2.875,-0.174146951332308,-18.1908119648726
2.88,-0.174475039743379,-18.1605290636528
2.885,-0.174828293190261,-18.1292102545304
2.89,-0.175207317375376,-18.0968480378037
2.895,-0.175612749135474,-18.0634346450616
2.9,-0.17604525795348,-18.028962030013
2.905,-0.176505547573427,-17.993421858775
2.91,-0.176994357726373,-17.9568054995766
2.915,-0.177512465976105,-17.9191040118334
2.92,-0.178060689694188,-17.8803081345384
2.925,-0.178639888174807,-17.8404082739147
2.93,-0.179250964901222,-17.7993944902647
2.935,-0.179894869976507,-17.7572564839455
2.94,-0.180572602732906,-17.7139835803915
2.945,-0.18128521453546,-17.6695647140949
2.95,-0.182033811797553,-17.6239884114457
2.955,-0.182819559227737,-17.5772427723193
2.96,-0.183643683329723,-17.5293154502854
2.965,-0.184507476179829,-17.4801936312967
2.97,-0.185412299509284,-17.4298640106966
2.975,-0.186359589122056,-17.3783127683629
2.98,-0.187350859683078,-17.3255255417791
2.985,-0.188387709915903,-17.271487396797
2.99,-0.189471828254704,-17.216182795818
2.995,-0.190604999001137,-17.1595955630805
3,-0.191789109044385,-17.1017088466953
3.005,-0.193026155210979,-17.0425050770121
3.01,-0.194318252321146,-16.9819659208374
3.015,-0.195667642040708,-16.9200722309434
3.02,-0.197076702631571,-16.8568039902147
3.025,-0.198547959721404,-16.7921402496709
3.03,-0.200084098233675,-16.7260590594657
3.035,-0.20168797564438,-16.6585373918057
3.04,-0.203362636762669,-16.5895510545373
3.045,-0.205111330269845,-16.519074593915
3.05,-0.206937527297565,-16.4470811847775
3.055,-0.208844942383748,-16.3735425060098
3.06,-0.210837557215809,-16.2984285987373
3.065,-0.212919647661138,-16.2217077041715
3.07,-0.215095814698318,-16.1433460773664
3.075,-0.217371020007416,-16.0633077723308
3.08,-0.219750627163476,-15.9815543929195
3.085,-0.222240449617815,-15.8980448026412
3.09,-0.224846806964736,-15.8127347849026
3.095,-0.227576591403343,-15.7255766431505
3.1,-0.230437346850437,-15.636518727754
3.105,-0.233437363891875,-15.5455048731077
3.11,-0.236585794749053,-15.4524737241213
3.115,-0.239892793788572,-15.3573579256734
3.12,-0.243369690969672,-15.260083141369
3.125,-0.247029208232964,-15.1605668585326
3.13,-0.250885732523611,-15.0587169241169
3.135,-0.254955664431181,-14.9544297403033
3.14,-0.259257869113031,-14.8475880280117
3.145,-0.26381426750103,-14.7380580403108
3.15,-0.268650622766587,-14.6256860750928
3.155,-0.27379760287214,-14.5102940977654
3.16,-0.279292240110643,-14.3916742438852
3.165,-0.285179971814379,-14.2695819407619
3.17,-0.29151754829444,-14.1437273988043
3.175,-0.298377261393479,-14.0137653599225
3.18,-0.305853227295844,-13.8792834536099
3.185,-0.314070935241567,-13.7397907987198
3.19,-0.323202100135509,-13.5947118447208
3.195,-0.333488288806768,-13.4433990672781
3.2,-0.345279206783643,-13.2852005172309
3.205,-0.359095189485099,-13.1196778444166
3.21,-0.375726694338091,-12.947234579956
3.215,-0.396373365314455,-12.7708802569768
3.22,-0.422730274886213,-12.6011781970077
3.225,-0.456418005139042,-12.4697470738142
3.23,-0.49516584579938,-12.4597888094039
3.235,-0.521253555561717,-12.7215927191861
3.24,-0.503913821840355,-13.2500168272576
3.245,-0.456756492075971,-13.5858881882695
3.25,-0.421942999944335,-13.5053495336626
3.255,-0.407965712707416,-13.2309995290891
3.26,-0.407289309944756,-12.925878537894
3.265,-0.413803164006635,-12.6372524090721
3.27,-0.424327000640605,-12.3707609184315
3.275,-0.437342445062378,-12.1223990712474
3.28,-0.452137365603454,-11.8871976589464
3.285,-0.468389349023951,-11.6610546289425
3.29,-0.485972400754194,-11.4408724178046
3.295,-0.504865931593117,-11.2243554216112
3.3,-0.525110711476492,-11.0097933511371
3.305,-0.546787106407918,-10.7958929703445
3.31,-0.570004356542898,-10.5816579604812
3.315,-0.594895604310648,-10.3663052755911
3.32,-0.621616098375998,-10.1492071465495
3.325,-0.650343287472421,-9.92985072227711
3.33,-0.681278154019556,-9.70780983609181
3.335,-0.714647464909638,-9.48272519740949
3.34,-0.750706793625669,-9.25429054380677
3.345,-0.789744268812263,-9.02224311397037
3.35,-0.832085066251511,-8.78635735414461
3.355,-0.878096702313453,-8.54644114420452
3.36,-0.928195216610953,-8.30233408731615
3.365,-0.982852354120925,-8.05390759024592
3.37,-1.04260387375118,-7.80106659627052
3.375,-1.10805912022684,-7.54375293647713
3.38,-1.17991199587557,-7.28195034899971
3.385,-1.25895345204439,-7.01569128610875
3.39,-1.34608557584598,-6.7450656895277
3.395,-1.44233725968459,-6.47023196552238
3.4,-1.54888128179921,-6.19143043094623
3.405,-1.66705235429097,-5.90899952384959
3.41,-1.79836524652439,-5.62339506753785
3.415,-1.94453136778945,-5.33521282967153
3.42,-2.10747104331388,-5.04521450596313
3.425,-2.28931691503721,-4.75435705119764
3.43,-2.49240110504061,-4.46382494078051
3.435,-2.71921450456694,-4.17506443036128
3.44,-2.97232011439644,-3.8898181472612
3.445,-3.25419290040272,-3.61015736931381
3.45,-3.56694527047824,-3.33850813939568
3.455,-3.91187979057613,-3.07766602178003
3.46,-4.28879136533272,-2.8307930510214
3.465,-4.69492895470206,-2.60138964818386
3.47,-5.12354733347258,-2.39323455762708
3.475,-5.5620888607283,-2.21028787758886
3.48,-5.99033043096669,-2.05655662070791
3.485,-6.37940181540258,-1.9359291212131
3.49,-6.69329932731746,-1.85199335068898
3.495,-6.89463874472592,-1.80786307829816
3.5,-6.9545964281134,-1.80604215551845
3.505,-6.86316369354767,-1.84835812321243
3.51,-6.63344622899388,-1.93598954498681
3.515,-6.29697989363325,-2.06959524294332
3.52,-5.89359836212723,-2.24952394046542
3.525,-5.46221611432613,-2.47602435482438
3.53,-5.03627278707768,-2.74923919041039
3.535,-4.64392263109032,-3.06841717548345
3.54,-4.3114507362085,-3.4289145377735
3.545,-4.0680503179851,-3.81385508685956
3.55,-3.94780039272364,-4.17656453895626
3.555,-3.97575747715156,-4.42308353461462
3.56,-4.11631667659736,-4.45184551986394
3.565,-4.21892439868598,-4.28756670844378
3.57,-4.11873503741683,-4.1032391550818
3.575,-3.82126393394914,-4.03409872348857
3.58,-3.4463297385382,-4.09616258607588
3.585,-3.08277267767831,-4.25135522391022
3.59,-2.76313326490611,-4.46120705673831
3.595,-2.49095327707029,-4.69997160693692
3.6,-2.26039162926899,-4.95246007335595
3.605,-2.06409710053823,-5.21004691488425
3.61,-1.89556648609544,-5.46785927461769
3.615,-1.74956995006242,-5.72313112240642
3.62,-1.62201920586009,-5.97428829766844
3.625,-1.5097294786631,-6.22044322172037
3.63,-1.4102031858285,-6.46111244901744
3.635,-1.32146057150476,-6.69605556358847
3.64,-1.24191352371354,-6.92518111039199
3.645,-1.17027294341992,-7.1484903163214
3.65,-1.10548072342169,-7.36604260331949
3.655,-1.04665942849531,-7.57793396688305
3.66,-0.993074670141979,-7.78428313003707
3.665,-0.944106632079849,-7.98522250572322
3.67,-0.899228252684909,-8.18089219955232
3.675,-0.857988304376121,-8.37143597631587
3.68,-0.819998118455227,-8.55699852068869
3.685,-0.784921056633526,-8.73772356705687
3.69,-0.752464076586176,-8.91375262319088
3.695,-0.722370912083719,-9.08522410603329
3.7,-0.694416511394373,-9.25227276739406
3.705,-0.668402466151975,-9.41502932592722
3.71,-0.644153227199323,-9.5736202472113
3.715,-0.62151295117184,-9.72816763083927
3.72,-0.600342856684914,-9.87878917508257
3.725,-0.580518995330245,-10.0255981977779
3.73,-0.561930362655198,-10.1687036977808
3.735,-0.544477289581819,-10.3082104453946
3.74,-0.528070066523668,-10.4442190931294
3.745,-0.512627761650978,-10.5768263003031
3.75,-0.49807720197095,-10.7061248665944
3.755,-0.484352091599817,-10.8322038708574
3.76,-0.471392246151399,-10.9551488124093
3.765,-0.459142925815133,-11.0750417526934
3.77,-0.447554252640953,-11.1919614557428
3.775,-0.436580699938397,-11.3059835262811
3.78,-0.426180643648422,-11.4171805446041
3.785,-0.416315967147605,-11.5256221976351
3.79,-0.406951712264034,-11.631375405731
3.795,-0.398055770378141,-11.7345044449633
3.8,-0.38959860839104,-11.8350710647152
3.805,-0.381553025103089,-11.9331346005166
3.81,-0.373893934182505,-12.0287520821139
3.815,-0.366598170440424,-12.1219783368162
3.82,-0.359644316581598,-12.2128660882024
3.825,-0.353012547983968,-12.3014660503009
3.83,-0.346684493386703,-12.3878270173726
3.835,-0.340643109644502,-12.4719959494471
3.84,-0.334872568943914,-12.5540180537649
3.845,-0.329358157081406,-12.6339368622915
3.85,-0.324086181578462,-12.7117943054647
3.855,-0.31904388855988,-12.787630782344
3.86,-0.314219387452313,-12.8614852273219
3.865,-0.309601582672986,-12.9333951735616
3.87,-0.305180111576825,-13.0033968133161
3.875,-0.300945288015394,-13.0715250552807
3.88,-0.296888050935641,-13.137813579128
3.885,-0.29299991751135,-13.2022948873659
3.89,-0.289272940356943,-13.265000354654
3.895,-0.285699668423307,-13.3259602747096
3.9,-0.282273111218891,-13.3852039049278
3.905,-0.278986706037997,-13.4427595088323
3.91,-0.275834287911941,-13.4986543964719
3.915,-0.272810062028914,-13.5529149628681
3.92,-0.269908578394662,-13.6055667246161
3.925,-0.267124708529664,-13.6566343547362
3.93,-0.264453624019318,-13.7061417158661
3.935,-0.261890776751918,-13.7541118918807
3.94,-0.25943188069594,-13.8005672180228
3.945,-0.257072895082469,-13.84552930962
3.95,-0.254810008871896,-13.8890190894629
3.955,-0.252639626395528,-13.9310568139133
3.96,-0.25055835407322,-13.9716620978078
3.965,-0.248562988117473,-14.010853938219
3.97,-0.246650503142843,-14.0486507371327
3.975,-0.244818041606869,-14.0850703230971
3.98,-0.243062904015762,-14.1201299718944
3.985,-0.241382539833789,-14.1538464262872
3.99,-0.239774539041091,-14.1862359148831
3.995,-0.238236624289474,-14.2173141701647
4,-0.236766643610074,-14.2470964457236
4.005,-0.235362563630956,-14.275597532741
4.01,-0.234022463266361,-14.3028317757496
4.015,-0.232744527842421,-14.3288130877135
4.02,-0.231527043627377,-14.3535549644588
4.025,-0.230368392736947,-14.3770704984864
4.03,-0.229267048387883,-14.3993723921976
4.035,-0.22822157047515,-14.4204729705596
4.04,-0.227230601450073,-14.4403841932379
4.045,-0.226292862478745,-14.459117666222
4.05,-0.22540714986159,-14.4766846529662
4.055,-0.224572331696597,-14.4930960850706
4.06,-0.223787344770161,-14.5083625725213
4.065,-0.223051191660711,-14.5224944135128
4.07,-0.222362938041475,-14.5355016038692
4.075,-0.221721710169914,-14.5473938460841
4.08,-0.221126692552262,-14.5581805579972
4.085,-0.220577125772576,-14.5678708811212
4.09,-0.220072304476445,-14.5764736886381
4.095,-0.219611575500518,-14.5839975930771
4.1,-0.219194336139374,-14.5904509536895
4.105,-0.218820032542245,-14.5958418835331
4.11,-0.218488158232512,-14.6001782562798
4.115,-0.218198252743563,-14.6034677127576
4.12,-0.217949900364975,-14.6057176672384
4.125,-0.217742728993739,-14.6069353134834
4.13,-0.217576409085354,-14.6071276305556
4.135,-0.217450652700303,-14.606301388409
4.14,-0.217365212641734,-14.6044631532657
4.145,-0.2173198816804,-14.6016192927867
4.15,-0.217314491863491,-14.5977759810483
4.155,-0.217348913904154,-14.5929392033297
4.16,-0.217423056648721,-14.5871147607209
4.165,-0.217536866619228,-14.5803082745572
4.17,-0.217690327628747,-14.5725251906883
4.175,-0.217883460467497,-14.5637707835883
4.18,-0.218116322657959,-14.5540501603126
4.185,-0.218389008277242,-14.5433682643085
4.19,-0.218701647845437,-14.5317298790849
4.195,-0.219054408278677,-14.5191396317464
4.2,-0.219447492905892,-14.5056019963977
4.205,-0.21988114154855,-14.4911212974235
4.21,-0.22035563066262,-14.4757017126479
4.215,-0.220871273542403,-14.4593472763784
4.22,-0.221428420585905,-14.4420618823398
4.225,-0.222027459621663,-14.4238492865006
4.23,-0.222668816297066,-14.4047131097982
4.235,-0.223352954528365,-14.3846568407639
4.24,-0.224080377012769,-14.3636838380552
4.245,-0.224851625803181,-14.3417973328955
4.25,-0.225667282946188,-14.3190004314275
4.255,-0.226527971184196,-14.2952961169816
4.26,-0.227434354722748,-14.2706872522643
4.265,-0.228387140064071,-14.2451765814684
4.27,-0.229387076908299,-14.2187667323092
4.275,-0.23043495912374,-14.1914602179889
4.28,-0.231531625787894,-14.1632594390925
4.285,-0.232677962301002,-14.1341666854177
4.29,-0.233874901574086,-14.1041841377423
4.295,-0.235123425293661,-14.0733138695307
4.3,-0.23642456526543,-14.041557848583
4.305,-0.237779404839426,-14.0089179386293
4.31,-0.239189080419408,-13.9753959008711
4.315,-0.240654783059222,-13.9409933954729
4.32,-0.242177760149413,-13.9057119830068
4.325,-0.243759317197239,-13.8695531258512
4.33,-0.24540081970364,-13.8325181895483
4.335,-0.247103695140952,-13.7946084441207
4.34,-0.248869435035205,-13.7558250653513
4.345,-0.250699597157356,-13.7161691360282
4.35,-0.25259580782781,-13.6756416471571
4.355,-0.25455976433896,-13.6342434991446
4.36,-0.256593237500795,-13.5919755029539
4.365,-0.258698074314795,-13.5488383812374
4.37,-0.260876200781669,-13.5048327694469
4.375,-0.263129624848882,-13.4599592169259
4.38,-0.265460439504101,-13.4142181879872
4.385,-0.267870826021131,-13.367610062977
4.39,-0.270363057365251,-13.3201351393313
4.395,-0.272939501765109,-13.2717936326266
4.4,-0.275602626458981,-13.2225856776287
4.405,-0.278355001623249,-13.1725113293436
4.41,-0.281199304491658,-13.1215705640752
4.415,-0.284138323674214,-13.0697632804927
4.42,-0.287174963685037,-13.0170893007136
4.425,-0.290312249689025,-12.9635483714063
4.43,-0.29355333247753,-12.9091401649186
4.435,-0.296901493683946,-12.8538642804357
4.44,-0.300360151250501,-12.7977202451758
4.445,-0.303932865158048,-12.7407075156286
4.45,-0.307623343431397,-12.6828254788432
4.455,-0.311435448433169,-12.6240734537739
4.46,-0.315373203459701,-12.5644506926902
4.465,-0.319440799653339,-12.5039563826613
4.47,-0.323642603245927,-12.4425896471228
4.475,-0.327983163148952,-12.3803495475364
4.48,-0.332467218906553,-12.3172350851526
4.485,-0.337099709028189,-12.2532452028888
4.49,-0.341885779718434,-12.188378787334
4.495,-0.346830794022044,-12.1226346708944
4.5,-0.351940341403151,-12.056011634095
